{
  "height": 280.1215805471125,
  "width": 280.1215805471125,
  "x": 12.644376899696049,
  "y": 40.851063829787236,
  "z": 0
}